<?xml version="1.0" encoding="utf-8" standalone="yes" ?>
<Window size="602,402"  caption="0,251,0,0" title="百度杀毒-在线安装" icon="bdkv.ico" >
	<Font name="微软雅黑" size="12" bold="false" italic="false" />
	<Font name="微软雅黑" size="14" bold="false" italic="false" />
	<Font name="微软雅黑" size="24" bold="false" italic="false" />
   
    <VerticalLayout name="VerticalLayoutUI1" width="602" height="402" bkcolor="#FFFFFFFF"  bordersize="1" inset="1,1,1,1" bordercolor="#FFD6D6D6" >
        <VerticalLayout name="head"  width="600" height="251" bkimage="bk_installWnd.png" playimage="file='lun.png' source='0,0,600,251' dest='0,0,600,251'" playtimespace="5000"  playlength= "3" >
			<HorizontalLayout name="HorizontalLayoutUI2"  width="600" height="30" inset="0,0,0,0">
				<Control />
				<Button name="min_btn" width="30" height="30" normalimage="m_nor.png" hotimage="m_hot.png" pushedimage="m_pre.png" /> 
				<Button name="close_btn" width="30" height="30" normalimage="close_default_msg.png"  hotimage="close_hot_msg.png" pushedimage="close_pressed_msg.png" disabledimage="close_default_msg.png" /> 
			</HorizontalLayout>
			<Control />
		</VerticalLayout>
		<VerticalLayout name="VerticalLayoutUI2"  width="600" bkcolor="#FFFFFFFF" >
			<VerticalLayout name="step1"  width="600" bkcolor="#FFFFFFFF" visible="false" >
				<HorizontalLayout name="pathContainer"  width="600" height="70" inset="15,19,5,19" childpadding="10" >
					<Text name="installPathWording" text="安装目录:" font="0" padding="0,8,0,0"  textcolor="#FF000000" align="center" align="left" />	
					<Edit name="pathEdit"   bordersize="1"  font="0" bordercolor="#FFD6D6D6"  height="32" textpadding="3,3,3,3" />					
					<Button name="selectPath" text="更改目录"  font="0" width="82" height="32" align="center" normalimage="updatePathBtn_nor.png" hotimage="updatePathBtn_hor.png" pushedimage="updatePathBtn_push.png" />
				</HorizontalLayout>				
				<HorizontalLayout name="HorizontalLayoutUI3"  width="600" height="62"  >
					<Button name="oneInstall_btn" text="在线安装" font="2" textcolor="#FFFFFFFF" width="212" height="62" padding="195,0,0,0" normalimage="oneInstallBtn_nor.png" hotimage="oneInstallBtn_hor.png" pushedimage="oneInstallBtn_push.png"  disabledimage="oneInstallBtn_disabled.png" />
					<Control />
				</HorizontalLayout>
				<Control width="600" height="25"/>				 				
			</VerticalLayout>
			<VerticalLayout name="step2"  width="600" bkcolor="#FFFFFFFF" inset="20,0,0,15"   visible="true">
				<Control height="30" />	
				<HorizontalLayout name="HorizontalLayoutUI7"  height="20"  width="560"  bkcolor="#FFFFFFFF">	
					<Label name="progressNotice" text="正在下载安装文件"  font="0" width="560" textcolor="#FF000000" align="left" align="top" />	
					<Label name="speed" text="0 kb/s"  font="0" textcolor="#FF000000" align="left" align="top" visible="false" />
				</HorizontalLayout>
				<Progress name="progress"  height="10" width="560"  fgimage="file='prograssbar.png' corner='6,0,8,0'" bkimage="file='prograssbar_bg.png' corner='6,0,8,0'" min="0" max="100" value="0" hor="true" /> 				
				<Control />
				<HorizontalLayout name="HorizontalLayoutUI8"  height="30"  inset="0,0,15,0" bkcolor="#FFFFFFFF"   >	
					<Control />
					<Button name="cancleBtn" text="取消安装" font="0" textcolor="#FF2ABF01" disabledtextcolor="#FFA7A6AA" width="warpcontant" align="right" />
					<Button name="hideBtn" text="隐藏到托盘" font="0" width="80" height="30" padding="10,0,0,0" textcolor="#FFFFFFFF" normalimage="min_normal.png" hotimage="min_hot.png" pushedimage="min_push.png" />
				</HorizontalLayout>
			</VerticalLayout>
		</VerticalLayout>
    </VerticalLayout>
</Window>
