<?xml version="1.0" encoding="utf-8" standalone="yes" ?>
<Window size="602,462"  caption="0,251,0,0" title="百度杀毒-安装" icon="bdkv.ico" >
	<Font name="微软雅黑" size="12" bold="false" italic="false" />
	<Font name="微软雅黑" size="14" bold="false" italic="false" />
	<Font name="微软雅黑" size="24" bold="false" italic="false" />
   
    <VerticalLayout name="VerticalLayoutUI1" width="602" height="462" bkcolor="#FFFFFFFF"  bordersize="1" inset="1,1,1,1" bordercolor="#FFD6D6D6" >
        <VerticalLayout name="head"  width="600" height="251" bkimage="bk_installWnd.png" playimage="file='lun.png' source='0,0,600,251' dest='0,0,600,251'" playtimespace="5000"  playlength= "3" >
			<HorizontalLayout name="HorizontalLayoutUI2"  width="600" height="30" inset="0,0,0,0">
				<Control />
				<Button name="close_btn" width="30" height="30" normalimage="close_default_msg.png"  hotimage="close_hot_msg.png" pushedimage="close_pressed_msg.png" disabledimage="close_default_msg.png" /> 
			</HorizontalLayout>
			<Control />
		</VerticalLayout>
		<VerticalLayout name="VerticalLayoutUI2"  width="600" bkcolor="#FFFFFFFF" >
			<VerticalLayout name="step1"  width="600" bkcolor="#FFFFFFFF" >
				<Control width="600" height="40"/>
				<HorizontalLayout name="HorizontalLayoutUI3"  width="600" height="62"  >
					<Button name="oneInstall_btn" text="立即安装" font="2" textcolor="#FFFFFFFF" width="212" height="62" padding="195,0,0,0" normalimage="oneInstallBtn_nor.png" hotimage="oneInstallBtn_hor.png" pushedimage="oneInstallBtn_push.png"  disabledimage="oneInstallBtn_disabled.png" />
					<Control />
				</HorizontalLayout>
				<Control width="600" height="25"/>				 
				<HorizontalLayout name="HorizontalLayoutUI3"  width="600"  inset="15,0,10,0" >
					<Option name="agreeLicense"  chain="AutoStart1" width="16" height="16"  padding="0,0,0,0" normalimage="unselect.png" selectedimage="select.png" selected="true" align="top" />
					<Button name="licenseWord"  chain="AutoStart1" text="同意百度的" font="0" width="warpcontant"  textcolor="#FF000000"  align="top" align="left" padding="6,0,0,0" />
					<Button name="lookLicense" text="用户许可协议" font="0" hoverunderline="true" width="warpcontant" textcolor="#FF2ABF01" align="left" align="top" />
					<Control />
					<Button name="updatePath" text="更改安装路径" font="0" width="130"  height="16"  textpadding="0,0,22,0"  normalimage="button_down_normal.png" pushedimage="button_down_pressed.png" textcolor="#FF2ABF01" align="top" align="right" />
				</HorizontalLayout>
				<HorizontalLayout name="add"  width="600" height="60" inset="15,14,5,14" childpadding="10" visible="true" >
					<Text name="installPathWording" text="安装目录:" font="0" padding="0,8,0,0"  textcolor="#FF000000" align="center" align="left" />	
					<Edit name="pathEdit"   bordersize="1"  font="0" bordercolor="#FFD6D6D6"  height="32" textpadding="3,3,3,3" />					
					<Button name="selectPath" text="更改目录"  font="0" width="82" height="32" align="center" normalimage="updatePathBtn_nor.png" hotimage="updatePathBtn_hor.png" pushedimage="updatePathBtn_push.png" />
				</HorizontalLayout>
			</VerticalLayout>
			<VerticalLayout name="step2"  width="600" bkcolor="#FFFFFFFF" inset="20,0,20,0"  childpadding="6" visible="false">
				<Control height="60" />	
				<Label name="progressNotice" text="正在安装..."  font="0" textcolor="#FF000000" align="left" align="top" />
				<Progress name="progress"  height="10" fgimage="file='prograssbar.png' corner='6,0,8,0'" bkimage="file='prograssbar_bg.png' corner='6,0,8,0'" min="0" max="100" value="0" hor="true" /> 
				<Control  />					
			</VerticalLayout>
		</VerticalLayout>
    </VerticalLayout>
</Window>
