﻿<?xml version="1.0" encoding="utf-8" standalone="yes" ?>
<Window size="395,196" sizebox="4,4,6,6" caption="10,10,10,40">
    <Font name="微软雅黑" size="12" bold="false" italic="false" />
    <Font name="微软雅黑" size="14" bold="false" italic="false" />
	<Font name="微软雅黑" size="12" bold="true" italic="false" />
	<VerticalLayout name="VerticalLayoutUI" width="375" height="176" inset="10,10,10,10" bkimage="file='shadow_bg.png' source='0,0,50,50' corner='10,10,10,10'">
		<VerticalLayout name="VerticalLayoutUI1" width="375" height="30" bkcolor="#ff2abf01">
			<Label name="LabelUI1"  padding="0,0,0,0" width="30" height="30" bkimage="bdkv.png" textcolor="#FF000000" disabledtextcolor="#FFA7A6AA" />
			<Label name="captionlabel" float="true" pos="30,5,330,25" textcolor="#FFFFFFFF" disabledtextcolor="#FFA7A6AA" font="2" />
			<Button name="closebtn" float="true" pos="345,0,375,30" textcolor="#FF000000" disabledtextcolor="#FFA7A6AA" align="center" normalimage="close_default_msg.png" hotimage="close_hot_msg.png" pushedimage="close_pressed_msg.png" />
		</VerticalLayout>
		<VerticalLayout name="VerticalLayoutUI2" width="375" height="146" bkcolor="#FFFFFFFF">
			<Label name="iconlabel" float="true" pos="22,34,70,82" bkimage="question_icon.png"  />
			<Text name="contenttext" text="这是一个测试窗口" float="true" pos="79,44,368,83" textpadding="2,0,2,0" textcolor="#FF333333" disabledtextcolor="#FFA7A6AA" font="0" align="wrap" />
			<Button name="selectbtn1" visible="false" float="true" pos="40,101,142,131" textcolor="#FFFFFFFF" disabledtextcolor="#FFA7A6AA" font="1" align="center" normalimage="button_normal.png" hotimage="button_hover.png" pushedimage="button_pressed.png" />
			<Button name="selectbtn2" float="true" pos="190,101,270,131" textcolor="#FFFFFFFF" disabledtextcolor="#FFA7A6AA" font="1" align="center" normalimage="tips_btn_nor.png" hotimage="tips_btn_horver.png" pushedimage="tips_btn_down.png" />
			<Button name="selectbtn3" visible="false" float="true" pos="280,101,360,131" textcolor="#FFFFFFFF" disabledtextcolor="#FFA7A6AA" font="1" align="center" normalimage="tips_btn_nor.png" hotimage="tips_btn_horver.png" pushedimage="tips_btn_down.png" />
		 </VerticalLayout>
	</VerticalLayout>
</Window>
