<?xml version="1.0" encoding="utf-8" standalone="yes" ?>
<Window size="602,402"  caption="0,30,0,0" title="百度杀毒-卸载" icon="bdkv.ico" >
	<Font name="微软雅黑" size="12" bold="false" italic="false" />
	<Font name="微软雅黑" size="14" bold="true" italic="false" />
	<Font name="微软雅黑" size="24" bold="false" italic="false" />
    <Font name="微软雅黑" size="12" bold="true" italic="false" />
    <VerticalLayout name="VerticalLayoutUI" width="602" height="402" bkcolor="#FFFFFFFF"  bordersize="1"  inset="1,1,1,1"  bordercolor="#FFD6D6D6" >
		<HorizontalLayout name="head"  width="600" height="30" inset="0,0,0,0" bkcolor="#FF2ABF01">	
			<Label name="logo" align="left" width="30" height="30" bkimage="bdkv.png" />
			<Label name="title" text="百度杀毒-卸载" font="3" align="left" padding="1,0,0,0" textcolor="FFFFFFFF" />
			<Button name="close_btn" width="30" height="30" normalimage="close_default_msg.png"  hotimage="close_hot_msg.png" pushedimage="close_pressed_msg.png" /> 
		</HorizontalLayout>
		
		<VerticalLayout name="step1" width="600" height="370"  bkcolor="#FFFFFFFF"  visible="true" >
			<VerticalLayout name="VerticalLayoutUI_1" inset="30,20,30,0" bkcolor="#FFFFFFFF"  childpadding="10">
				<Text name="label1"   text="亲爱的用户:" font="1" textcolor="#FF000000" align="left"  align="top"  />
				<Text name="label2"   text="百度杀毒已保护您的电脑100天，衷心的希望您告诉我们离开的原因，让我们更好地改进产品..." font="0" textcolor="#FF000000" align="left" align="top" />
				<HorizontalLayout name="checkboxContainer"   height="25" inset="0,7,0,0" >				
					<Option name="checkbox1" chain="AutoStart1" width="16" height="16"  padding="0,0,0,0" normalimage="unselect.png" selectedimage="select.png" selected="false" align="top" />
					<Button name="checkboxText1" chain="AutoStart1" width="warpcontant"  text="木马清除不干净" align="left" align="top" font="0" textcolor="#FF000000" padding="6,0,0,0" />
					<Option name="checkbox2" chain="AutoStart2" width="16" height="16"  padding="0,0,0,0" normalimage="unselect.png" selectedimage="select.png" selected="false" align="top" padding="32,0,0,0"/>
					<Button name="checkboxText2" chain="AutoStart2"width="warpcontant"  text="误删电脑正常文件" align="left" align="top" font="0" textcolor="#FF000000" padding="6,0,0,0" />
					<Option name="checkbox3" chain="AutoStart3" width="16" height="16"  padding="0,0,0,0" normalimage="unselect.png" selectedimage="select.png" selected="false" align="top" padding="32,0,0,0"/>
					<Button name="checkboxText3" chain="AutoStart3" width="warpcontant" text="与其他软件不兼容" align="left" align="top" font="0" textcolor="#FF000000" padding="6,0,0,0" />					
					<Option name="checkbox5" chain="AutoStart4" width="16" height="16"  padding="0,0,0,0" normalimage="unselect.png" selectedimage="select.png" selected="false" align="top" padding="32,0,0,0"/>
					<Button name="checkboxText5" chain="AutoStart4" width="warpcontant" text="电脑速度变慢" align="left" align="top" font="0" textcolor="#FF000000" padding="6,0,0,0" />
				
				</HorizontalLayout>
				<HorizontalLayout name="checkboxContainer2" height="18" >	
					<Option name="checkbox6" chain="AutoStart5" width="16" height="16"  padding="0,0,0,0" normalimage="unselect.png" selectedimage="select.png" selected="false" align="top" />
					<Button name="checkboxText6" chain="AutoStart5" width="warpcontant" text="软件界面不喜欢" align="left" align="top" font="0" textcolor="#FF000000" padding="6,0,0,0" />				
					<Option name="checkbox7" chain="AutoStart6" width="16" height="16"  padding="0,0,0,0" normalimage="unselect.png" selectedimage="select.png" selected="false" align="top" padding="32,0,0,0"/>
					<Button name="checkboxText7" chain="AutoStart6" width="warpcontant" text="安装了其他杀毒软件" align="left" align="top" font="0" textcolor="#FF000000" padding="6,0,0,0" />
			<!--		<Option name="checkbox7" width="16" chain="AutoStart7" height="16"  padding="0,0,0,0" normalimage="unselect.png" selectedimage="select.png" selected="false" align="top" padding="32,0,0,0"/>
					<Button name="checkboxText7" chain="AutoStart7" width="warpcontant" text="安装了其他杀毒软件" align="left" align="top" font="0" textcolor="#FF000000" padding="6,0,0,0" />
					<Option name="checkbox8" chain="AutoStart8" width="16" height="16"  padding="0,0,0,0" normalimage="unselect.png" selectedimage="select.png" selected="false" align="top" padding="32,0,0,0"/>
						<Button name="checkboxText8" chain="AutoStart8" width="warpcontant" text="和其他软件冲突" align="left" align="top" font="0" textcolor="#FF000000" padding="6,0,0,0" />
			!-->	
				</HorizontalLayout>
				<VerticalLayout name="EditContainer"  bordercolor="#FFD6D6D6" bordersize="1" height="85" width="540" inset="10,2,10,2" >
					<RichEdit name="reasonEdit" text="在这里说两句吧..." font="0" textcolor="#FF999999"  vscrollbar="true" hscrollbar="false"  />
				</VerticalLayout>
				<Text name="label3"  text="再次感谢您的使用，真诚希望能在以后的日子里继续保护您的电脑安全!" font="0" textcolor="#FF000000" align="left" align="top"/>
				<Text name="label4"   text="此致!" font="0" textcolor="#FF000000" align="left" align="top"/>
				<Control />
			</VerticalLayout>
			<VerticalLayout name="VerticalLayoutUI_2" height="80" inset="30,0,15,15"  bkcolor="#FFFFFFFF" >
				
				<Label name="label5" text="百度杀毒产品团队" font="0" textcolor="#FF000000"  align="bottom" align="right"  />
				
				<Control />				
				<HorizontalLayout name="buttonContainer"  height="35"   >	
					<Button name="geliqu"  text="隔离区"  font="0" textcolor="#FF2ABF01" align="center"  width="warpcontant" />
					<Control />
					<Button name="UnInstallBtn" text="卸载"   textcolor="#FFFFFFFF"  font="1" width="102" height="35" align="center" normalimage="smallbtn_normal.png" hotimage="smallbtn_hot.png" pushedimage="smallbtn_pressed.png" />
					<Button name="reUseBtn" text="继续使用"  padding="10,0,0,0" textcolor="#FFFFFFFF" font="1" width="102" height="35" align="center" normalimage="smallbtn_normal.png" hotimage="smallbtn_hot.png" pushedimage="smallbtn_pressed.png" />
				</HorizontalLayout>	
			</VerticalLayout>			
		</VerticalLayout>
		
		<VerticalLayout name="step2" width="600" height="400"   bkcolor="#FFFFFFFF" visible="false" >
		    <Label name="label6"  width="600" height="251" bkimage="bk_installWnd.png" />
			<VerticalLayout name="progressContainer"  width="600" inset="30,60,30,0" childpadding="10" bkcolor="#FFFFFFFF" >				
				<Label name="progressNotice" text="正在卸载..."  font="0" textcolor="#FF000000" align="left" align="top" />
				<Progress name="progress"  height="10" fgimage="file='prograssbar.png' corner='6,0,8,0'" bkimage="file='prograssbar_bg.png' corner='6,0,8,0'" min="0" max="100" value="0" hor="true" /> 				
				<Control />
			</VerticalLayout>									
		</VerticalLayout>
		
		<VerticalLayout name="step3" width="600" height="370"  bkcolor="#FFFFFFFF"   visible="false" >
		    <HorizontalLayout name="finishContainer"   height="221" inset="100,70,0,87" childpadding="20" bkcolor="#FF2ABF01" >	
				<Label name="finishIcon" bkimage="kv_success.png" width="64" height="64" />
				<Label name="finishText" text="卸载完毕，感谢您的使用！"   font="2" textcolor="#FFFFFFFF" height="64" align="center" align="left" />
			</HorizontalLayout>		
			<VerticalLayout name="btnContainer"  width="600" inset="195,40,0,0" bkcolor="#FFFFFFFF"  >				
				<Button name="UnInstallFinish_btn" text="完成" align="center" font="2" textcolor="#FFFFFFFF" width="212" height="62" normalimage="oneInstallBtn_nor.png" hotimage="oneInstallBtn_hor.png" pushedimage="oneInstallBtn_push.png" />
			</VerticalLayout>									
		</VerticalLayout>
		
	</VerticalLayout>
</Window>
